fastq_name	strain	replicate
J682_AH7MVWBCXY_Lane1_AGGCAGAA-CTCTCTAT_RH-Infected_HFF_A	RH	A
J682_AH7MVWBCXY_Lane1_CGTACTAG-AGAGTAGA_Uninfected_HFF_B	Uninfected	B
J682_AH7MVWBCXY_Lane1_GGACTCCT-TATCCTCT_Pru-Infected_HFF_A	PRU	A
J682_AH7MVWBCXY_Lane1_TAAGGCGA-AGAGTAGA_Uninfected_HFF_A	Uninfected	A
J682_AH7MVWBCXY_Lane1_TAGGCATG-TATCCTCT_Pru-Infected_HFF_B	PRU	B
J682_AH7MVWBCXY_Lane1_TCCTGAGC-CTCTCTAT_RH-Infected_HFF_B	RH	B
J687_AH7MVWBCXY_Lane2_AGGCAGAA-CTCTCTAT_RH-Infected_HFF_A	RH	A
J687_AH7MVWBCXY_Lane2_CGTACTAG-GCGTAAGA_Uninfected_HFF_B	Uninfected	B
J687_AH7MVWBCXY_Lane2_GGACTCCT-TATCCTCT_Pru-Infected_HFF_A	PRU	A
J687_AH7MVWBCXY_Lane2_TAAGGCGA-GCGTAAGA_Uninfected_HFF_A	Uninfected	A
J687_AH7MVWBCXY_Lane2_TAGGCATG-TATCCTCT_Pru-Infected_HFF_B	PRU	B
J687_AH7MVWBCXY_Lane2_TCCTGAGC-CTCTCTAT_RH-Infected_HFF_B	RH	B
